{
	"id": "699c3f5bb3393b217e8ba5b77e939d92",
	"_format": "hh-sol-build-info-1",
	"solcVersion": "0.8.17",
	"solcLongVersion": "0.8.17+commit.8df45f5f",
	"input": {
		"language": "Solidity",
		"sources": {
			"contracts/SimpleStorage.sol": {
				"content": "// SPDX-License-Identifier: MIT\r\npragma solidity ^0.8.8;"
			}
		},
		"settings": {
			"optimizer": {
				"enabled": false,
				"runs": 200
			},
			"outputSelection": {
				"*": {
					"": [
						"ast"
					],
					"*": [
						"abi",
						"metadata",
						"devdoc",
						"userdoc",
						"storageLayout",
						"evm.legacyAssembly",
						"evm.bytecode",
						"evm.deployedBytecode",
						"evm.methodIdentifiers",
						"evm.gasEstimates",
						"evm.assembly"
					]
				}
			}
		}
	},
	"output": {
		"sources": {
			"contracts/SimpleStorage.sol": {
				"ast": {
					"absolutePath": "contracts/SimpleStorage.sol",
					"exportedSymbols": {},
					"id": 2,
					"license": "MIT",
					"nodeType": "SourceUnit",
					"nodes": [
						{
							"id": 1,
							"literals": [
								"solidity",
								"^",
								"0.8",
								".8"
							],
							"nodeType": "PragmaDirective",
							"src": "33:23:0"
						}
					],
					"src": "33:23:0"
				},
				"id": 0
			}
		}
	}
}